MySQL soporta muchas funciones incorporadas que puedes usar para manipular y transformar datos. A continuación se muestra una tabla con las funciones más comunes.

## Funciones de cadena

| Función                     | Descripción                                                                                   |
| --------------------------- | --------------------------------------------------------------------------------------------- |
| `LENGTH(str)`               | Devuelve la longitud de la cadena `str`.                                                       |
| `CONCAT(str1, str2, ...)`   | Concatena las cadenas `str1`, `str2`, etc.                                                    |
| `UPPER(str)` y `LOWER(str)` | Convierte la cadena `str` a mayúsculas o minúsculas respectivamente.                          |
| `SUBSTRING(str, pos, len)`  | Extrae una subcadena de la cadena `str`, comenzando en la posición `pos` y de longitud `len`. |
| `IFNULL(expr, val)`         | Devuelve `val` si `expr` es nulo; de lo contrario, devuelve `expr`.                           |

```SQL
-- Devuelve la longitud de la cadena 'Hello World'.
SELECT LENGTH('Hello World');
-- Resultado: 11

-- Concatena las cadenas 'Hello' y 'World'.
SELECT CONCAT('Hello ', 'World');
-- Resultado: 'Hello World'

-- Convierte la cadena 'Hello World' a mayúsculas.
SELECT UPPER('Hello World');
-- Resultado: 'HELLO WORLD'

-- Extrae una subcadena de la cadena 'Hello World', comenzando en la posición 7 y de longitud 5.
SELECT SUBSTRING('Hello World', 7, 5);
-- Resultado: 'World'

-- Retorna la cadena 'Sin nota' si el valor de la columna 'finalScore' es 'null'.
SELECT IFNULL(finalScore, 'Sin nota');
-- Resultado: 'Sin nota' (suponiento que un estudiante concreto no tiene nota final asignada)
```

La función `IFNULL` te permite retornar un valor diferente cuando el resultado sea `NULL`. Imagina una tabla de estudiantes donde existe una columna que representa la nota final: `finalScore`. Quieres averiguar la nota final del estudiante con _id 25_. Si no tiene nota final asignada se mostrará la cadena `Sin nota`:

```SQL
SELECT IFNULL(finalScore, 'Sin nota') AS finalScore FROM students WHERE id = 25;
-- Resultado: 'Sin nota' (suponiento que el estudiante no tiene nota final asignada)

+------------+
| finalScore |
+------------+
| 'Sin nota' |
+------------+
 1 rows in set (0.03 sec)
```

> **Tip:** Cuando utilizamos funciones en MySQL el nombre de la columna que muestra el resultado de la función tomará el nombre completo de la función con sus argumentos, en este caso, la columna que se genera tras el uso de la función se llamaría por defecto `IFNULL(finalScore, 'Sin nota')` lo cuál no es un nombre descriptivo y no ayuda a tender el propósito final. Con `AS` renombramos dicha columna a `finalScore` para adaptarla al estilo de escritura que hayamos aplicado a nuestra base de datos, en este caso a _lower camel case_, y hacer el resultado más comprensible.

## Funciones numéricas

| Función                   | Descripción                                                                                                    |
| ------------------------- | -------------------------------------------------------------------------------------------------------------- |
| `ABS(x)`                  | Devuelve el valor absoluto de `x`.                                                                             |
| `ROUND(x, d)`             | Redondea el número `x` a `d` decimales.                                                                        |
| `CEILING(x)` y `FLOOR(x)` | Devuelven el menor número entero mayor o igual y el mayor número entero menor o igual que `x` respectivamente. |
| `MOD(x, y)`               | Devuelve el resto de la división de `x` por `y`.                                                               |
| `BIT_OR(x, y)`            | Realiza la operación OR a nivel de bits entre `x` e `y`.                                                       |

```SQL
-- Devuelve el valor absoluto de -42.
SELECT ABS(-42);
-- Resultado: 42

-- Redondea el número 42.789 a 2 decimales.
SELECT ROUND(42.789, 2);
-- Resultado: 42.79

-- Devuelve el resto de la división de 10 por 3.
SELECT MOD(10, 3);
-- Resultado: 1
```

Para la explicación de `BIT OR` tomaremos el siguiente ejemplo. Supón que estás trabajando con una tabla donde se registran los votos de los usuarios. La tabla tiene las siguientes columnas: `userId` y `value` (que es un valor booleano, 1 para voto positivo y 0 para voto negativo).

El objetivo es determinar si el usuario con _id 13_ ha dado al menos un voto positivo. Para lograrlo, puedes usar una consulta que utilice `BIT_OR` de la siguiente manera:

```SQL
SELECT BIT_OR(value) AS hasVotedPositively FROM votes WHERE userId = 13;
-- Resultado: 1 (suponiendo que el usuario sí ha votado positivamente)

+--------------------+
| hasVotedPositively |
+--------------------+
| 1                  |
+--------------------+
 1 rows in set (0.03 sec)
```

## Funciones de fecha y hora

| Función                              | Descripción                                          |
| ------------------------------------ | ---------------------------------------------------- |
| `NOW()`                              | Devuelve la fecha y hora actuales.                   |
| `CURDATE()`                          | Devuelve la fecha actual.                            |
| `CURTIME()`                          | Devuelve la hora actual.                             |
| `DATE_ADD(date, INTERVAL expr type)` | Agrega al `date` el intervalo `expr` de tipo `type`. |
| `DATE_FORMAT(date, format)`          | Formatea la fecha según el patrón de `format`.       |

```SQL
-- Devuelve la fecha y hora actuales.
SELECT NOW();
-- Resultado: 2023-07-04 15:30:00 (suponiendo que este es el momento actual)

-- Devuelve la fecha actual.
SELECT CURDATE();
-- Resultado: 2023-07-04 (suponiendo que hoy es 4 de julio de 2023)

-- Agrega 5 días a la fecha actual.
SELECT DATE_ADD(CURDATE(), INTERVAL 5 DAY);
-- Resultado: 2023-07-09 (suponiendo que hoy es 4 de julio de 2023)

-- Formatea la fecha actual según el patrón 'DD-MM-YYYY'.
SELECT DATE_FORMAT(CURDATE(), '%d-%m-%Y');
-- Resultado: '04-07-2023' (suponiendo que hoy es 4 de julio de 2023)
```

## Funciones de agregación

| Función                   | Descripción                                                              |
| ------------------------- | ------------------------------------------------------------------------ |
| `COUNT(expr)`             | Cuenta el número de filas que coinciden con una condición especificada.  |
| `SUM(expr)`               | Suma los valores en un conjunto especificado de filas.                   |
| `AVG(expr)`               | Calcula el promedio de los valores en un conjunto especificado de filas. |
| `MIN(expr)` y `MAX(expr)` | Devuelve el valor mínimo y máximo en un conjunto especificado de filas.  |

Asumiendo que tienes una tabla **_sales_** con las siguientes filas:

| id  | totalSales |
| --- | ---------- |
| 1   | 100        |
| 2   | 200        |
| 3   | 300        |
| 4   | 400        |

```SQL
-- Cuenta el número de filas en la tabla ventas.
SELECT COUNT(*) FROM sales;
-- Resultado: 4

-- Suma los valores en la columna total_venta.
SELECT SUM(totalSales) FROM sales;
-- Resultado: 1000

-- Calcula el promedio de los valores en la columna total_venta.
SELECT AVG(totalSales) FROM sales;
-- Resultado: 250

-- Devuelve el valor mínimo y máximo en la columna total_venta.
SELECT MIN(totalSales), MAX(total_venta) FROM sales;
-- Resultado: 100, 400
```

