
Llegó el momento de revisar a fondo las cláusulas más importantes a la hora de seleccionar datos en una tabla. A continuación hablaremos de los términos `SELECT`, `WHERE`, `GROUP BY`, `HAVING`, `DISTINCT` y `ORDER BY`.

## Cláusula `SELECT`

La cláusula `SELECT` determina qué columnas deben incluirse en el conjunto de resultados de la consulta. El componente `FROM` indica la tabla de referencia.

```sql
SELECT * FROM language;

+-------------+----------+---------------------+
| language_id | name     | last_update         |
+-------------+----------+---------------------+
|           1 | English  | 2006-02-15 05:02:19 |
|           2 | Italian  | 2006-02-15 05:02:19 |
|           3 | Japanese | 2006-02-15 05:02:19 |
|           4 | Mandarin | 2006-02-15 05:02:19 |
|           5 | French   | 2006-02-15 05:02:19 |
|           6 | German   | 2006-02-15 05:02:19 |
+-------------+----------+---------------------+
6 rows in set (0.03 sec)
```

Esta consulta devuelve todos los registros y columnas de la tabla **_language_**. En términos sencillos, se podría describir como: "_Muéstrame todas las columnas y todas las filas de la tabla_ **_language_**".

Además de usar el asterisco (`*`) para seleccionar todas las columnas, también puedes especificar las columnas que deseas incluir en el conjunto de resultados. Por ejemplo:

```sql
SELECT name, last_update FROM language;

+-----------+---------------------+
|  name     | last_update         |
+-----------+---------------------+
|  English  | 2006-02-15 05:02:19 |
|  Italian  | 2006-02-15 05:02:19 |
|  Japanese | 2006-02-15 05:02:19 |
|  Mandarin | 2006-02-15 05:02:19 |
|  French   | 2006-02-15 05:02:19 |
|  German   | 2006-02-15 05:02:19 |
+-----------+---------------------+
6 rows in set (0.03 sec)
```

Esta consulta selecciona únicamente las columnas _name_ y _last_update_.

## Cláusula `WHERE`

La mayoría de las veces no necesitarás recuperar todas las filas de una tabla, por lo que te interesará contar con una manera de filtrar aquellas filas que no son de interés. Este es el trabajo de la cláusula `WHERE`.

Por ejemplo, quizás estés interesado en alquilar una película, pero solo las películas clasificadas con el rating _"G"_ y que puedan ser alquiladas durante al menos una semana. La siguiente consulta emplea una cláusula `WHERE` para recuperar solo las películas que cumplen dichos requisitos:

```sql
SELECT title FROM film WHERE rating = 'G' AND rental_duration >= 7;

+---------------------+
| title               |
+---------------------+
| BLANKET BEVERLY     |
| BORROWERS BEDAZZLED |
| BRIDE INTRIGUE      |
| ...                 |
| TRUMAN CRAZY        |
| WAKE JAWS           |
| WAR NOTTING         |
+---------------------+
29 rows in set (0.00 sec)
```

Esta cláusula `WHERE` contiene dos condiciones de filtro, pero se pueden incluir tantas condiciones como sea necesario; las condiciones individuales se separan utilizando operadores como `AND`, `OR` y `NOT`.

## Cláusulas `GROUP BY` y `HAVING`

Las cláusulas `GROUP BY` y `HAVING` facilitan la agrupación de datos y la imposición de condiciones a dichas agrupaciones, respectivamente.

La cláusula `GROUP BY` te ayuda a formar estos grupos de filas, mientras que la cláusula `HAVING` permite filtrar los grupos resultantes de la misma manera que la cláusula `WHERE` filtra datos individuales.

Imagina que quieres identificar a los actores cuyo apellido no se repita, es decir, actores con apellidos únicos en la base de datos. A continuación se muestra cómo sería la consulta:

```sql
SELECT last_name FROM actor GROUP BY last_name HAVING COUNT(*) = 1;

+-------------+
| last_name   |
+-------------+
| ASTAIRE     |
| BACALL      |
| BALE        |
| ...         |
| WILSON      |
| WHITERSPOON |
| WRAY        |
+-------------+
66 rows in set (0.03 sec)
```

Para aclarar aún más, aquí tienes la consulta desglosada:

- `SELECT last_name FROM actor`: selecciona la columnas de apellido de la tabla `actor`.
    
- `GROUP BY last_name`: agrupa los resultados por la columna de apellido.
    
- `HAVING COUNT(*) = 1`: filtra los grupos de resultados para incluir solo aquellos con 1 registro, es decir, aquellos actores cuyo apellido solo este presente una vez. En el caso de que existiesen dos o más actores con el mismo apellido no serían filtrados.

## Cláusula `DISTINCT`

Esta cláusula se utiliza para controlar la unicidad de los resultados de una consulta. Aunque pueda parecerlo no es un operador en el sentido tradicional de los operadores aritméticos o lógicos.

Imagina que necesitas obtener todos los apellidos de los actores pero sin que se repita ninguno:

```sql
SELECT DISTINCT last_name FROM actor;

+-----------+
| last_name |
+-----------+
| AKROYD    |
| ALLEN     |
| ASTAIRE   |
| ...       |
| WOOD      |
| WRAY      |
| ZELLWEGER |
+-----------+
121 rows in set (0.03 sec)
```

## Cláusula `ORDER BY`

En general, las filas de un _conjunto de resultados_ devuelto por una consulta no se presentan en un orden particular. Si deseas que el _conjunto de resultados_ responda a un determinado orden, deberás indicarle al servidor que los ordene utilizando la cláusula `ORDER BY`:

Por ejemplo, a continuación se muestra una consulta que devuelve todos los actores ordenados por apellido:

```sql
SELECT first_name, last_name FROM actor ORDER BY last_name;

+------------+-----------+
| first_name | last_name |
+------------+-----------+
| KIRSTEN    | AKROYD    |
| DEBBIE     | AKROYD    |
| CHRISTIAN  | AKROYD    |
| ...        | ...       |
| MINNIE     | ZELLWEGER |
| CAMERON    | ZELLWEGER |
| JULIA      | ZELLWEGER |
+------------+-----------+
200 rows in set (0.07 sec)
```

Por defecto el orden será ascendente (`ASC`), es decir, de la A a la Z. En caso de una columna numérica el orden por defecto sería de menor a mayor. Para ordenar de forma inversa utiliza la palabra clave `DESC`:

```sql
SELECT first_name, last_name FROM actor ORDER BY last_name DESC;

+------------+-----------+
| first_name | last_name |
+------------+-----------+
| JULIA      | ZELLWEGER |
| CAMERON    | ZELLWEGER |
| MINNIE     | ZELLWEGER |
| ...        | ...       |
| CHRISTIAN  | AKROYD    |
| DEBBIE     | AKROYD    |
| KIRSTEN    | AKROYD    |
+------------+-----------+
200 rows in set (0.07 sec)
```

